<?xml version="1.0" encoding="utf-8"?>
 <!DOCTYPE hibernate-configuration PUBLIC
        "-//Hibernate/Hibernate Configuration DTD 3.0//EN"
        "http://hibernate.org/dtd/hibernate-configuration-3.0.dtd">
        
<hibernate-configuration>
    <session-factory>
        <property name="hibernate.connection.driver_class">com.microsoft.sqlserver.jdbc.SQLServerDriver	</property>
		 <!-- 
        <property name="hibernate.connection.url">jdbc:sqlserver://vndata.cloudapp.net:56789;databaseName=ewed</property>
        <property name="hibernate.connection.username">ewedcsus</property>
        <property name="hibernate.connection.password">0fbgOkDEox</property>
		-->
 		<property name="hibernate.connection.url">jdbc:sqlserver://ewedsql.database.windows.net:1433;database=ewed;user=reader@ewedsql;password=justread728!;encrypt=true;trustServerCertificate=false;hostNameInCertificate=*.database.windows.net;loginTimeout=30;</property>
		<!-- 
		<property name="hibernate.connection.url">jdbc:sqlserver://ewedsql.database.windows.net:1433;database=ewed;user=ewedadn;password=awt!#ewed98;encrypt=false;trustServerCertificate=false;hostNameInCertificate=*.database.windows.net;loginTimeout=30;</property>
		-->
        
		 <!--  
		<property name="hibernate.connection.url">jdbc:sqlserver://localhost:5001;databaseName=ewed</property>
        <property name="hibernate.connection.username">ewedcsus</property>
        <property name="hibernate.connection.password">Qstcm!2</property>
        -->
		
		<!-- 
        <property name="hibernate.connection.url">jdbc:sqlserver://localhost;databaseName=ewed</property>
        <property name="hibernate.connection.username">sa</property>
        <property name="hibernate.connection.password"></property>
		 -->
        <property name="hibernate.dialect">org.hibernate.dialect.SQLServerDialect</property>
        <property name="hibernate.current_session_context_class">thread</property>
        <property name="hibernate.show_sql">true</property>
        <property name="show_sql">false</property>
        <property name="format_sql">true</property>
        <property name="hbm2ddl.auto">update </property>
        
        <!-- <mapping resource="user.hbm.xml" /> -->
    </session-factory>
</hibernate-configuration>
